State,Generalized_Cost_of_Living
Queensland,0.46163149855553326
Tasmania,0.5935938112340493
NSW,0.8785125858123566
VIC,0.334645806705227
WA,0.21120882766971977
SA,0.36601185673924297
NT,0.38425925925925897
ACT,0.5828830301496037
