State,Generalized_Cost_of_Living
Queensland,0.46163149855553326
Tasmania,0.5935938112340493
New South Wales,0.8785125858123566
Victoria,0.334645806705227
Western Australia,0.21120882766971977
South Australia,0.36601185673924297
Northern Territory,0.38425925925925897
Australian Capital Territory,0.5828830301496037
